Variable,avg_rank_pos,avg_rank_neg
mean_Analytic,13.3888888888889,11.0555555555556
mean_Social,28.7222222222222,21.6111111111111
mean_Tone,15,22.9444444444444
mean_affiliation,26.3888888888889,33.0555555555556
mean_allnone,16.2777777777778,25.8888888888889
mean_cause,26.2777777777778,31.4444444444444
mean_certitude,31.8888888888889,32.0555555555556
mean_cogproc,30.1111111111111,25.2777777777778
mean_comm,26.8888888888889,20.6111111111111
mean_conflict,31.2222222222222,28.1666666666667
mean_death,25.5555555555556,23.6111111111111
mean_differ,31.6111111111111,24.3333333333333
mean_discrep,25.7777777777778,26.2777777777778
mean_emo_anger,33.7222222222222,26.8888888888889
mean_emo_anx,36.5555555555556,30.3888888888889
mean_emo_neg,29.1666666666667,26.2777777777778
mean_emo_pos,18.5555555555556,25.6111111111111
mean_emo_sad,21.2222222222222,28.8333333333333
mean_emotion,22,29.1666666666667
mean_family,8.72222222222222,15.1111111111111
mean_fatigue,15.7777777777778,24.5555555555556
mean_female,28.4444444444444,30.4444444444444
mean_friend,26.3888888888889,23.3888888888889
mean_health,8.27777777777778,19.5
mean_i,25.6111111111111,20.5555555555556
mean_illness,7.27777777777778,20.2222222222222
mean_insight,29.5,26.2222222222222
mean_ipron,22.2777777777778,25.6111111111111
mean_lack,25.6111111111111,25.5
mean_male,29.0555555555556,24.3888888888889
mean_mental,20.6666666666667,20.8888888888889
mean_moral,28.6666666666667,28.2777777777778
mean_need,36.0555555555556,34.2222222222222
mean_polite,29.1666666666667,26.0555555555556
mean_ppron,31.1666666666667,25.7777777777778
mean_pronoun,23.6111111111111,20.6666666666667
mean_prosocial,26.2222222222222,25.7777777777778
mean_reward,32.7777777777778,29.2222222222222
mean_risk,26.1111111111111,27
mean_shehe,30.1666666666667,22.5555555555556
mean_socbehav,27.5555555555556,23
mean_socrefs,31.8888888888889,26.5
mean_tentat,30.6111111111111,18.8888888888889
mean_they,26.5,27.8333333333333
mean_tone_neg,26.8333333333333,27.1111111111111
mean_tone_pos,24.1111111111111,24.3333333333333
mean_want,31.8333333333333,34.6111111111111
mean_we,28,28.5555555555556
mean_wellness,25.1111111111111,28.0555555555556
mean_you,20.6666666666667,26.6666666666667
