Variable,avg_rank_pos,avg_rank_neg
mean_Analytic,13.4444444444444,11.2222222222222
mean_Social,28.5,21.2222222222222
mean_Tone,15,23.1111111111111
mean_affiliation,26.2222222222222,32.8888888888889
mean_allnone,16.0555555555556,25.8333333333333
mean_cause,26.5555555555556,31.2222222222222
mean_certitude,31.6666666666667,32.2222222222222
mean_cogproc,30.3888888888889,25.7777777777778
mean_comm,27.3888888888889,21.1111111111111
mean_conflict,31.3888888888889,28
mean_death,26.1111111111111,23.9444444444444
mean_differ,31.1666666666667,24.3888888888889
mean_discrep,25.7222222222222,26.2222222222222
mean_emo_anger,33.7777777777778,26.3333333333333
mean_emo_anx,36.6666666666667,30.5
mean_emo_neg,29.4444444444444,26.7222222222222
mean_emo_pos,18.4444444444444,25.3888888888889
mean_emo_sad,21.1666666666667,28.7777777777778
mean_emotion,21.8888888888889,29.1111111111111
mean_family,8.44444444444445,14.6111111111111
mean_fatigue,15.8333333333333,24.3888888888889
mean_female,28,30.5
mean_friend,26.1111111111111,23.5555555555556
mean_health,8.27777777777778,19.0555555555556
mean_i,25.3888888888889,20.1111111111111
mean_illness,7.27777777777778,19.4444444444444
mean_insight,29.0555555555556,26.5555555555556
mean_ipron,22.3888888888889,25.5555555555556
mean_lack,25.7222222222222,25.2222222222222
mean_male,30.1111111111111,24.3888888888889
mean_mental,21.2777777777778,20.7777777777778
mean_moral,28.3888888888889,28.4444444444444
mean_need,36.0555555555556,34.3888888888889
mean_polite,28.6666666666667,26.2777777777778
mean_ppron,31.2222222222222,25.3333333333333
mean_pronoun,24.1666666666667,21.2777777777778
mean_prosocial,26.1111111111111,26.6666666666667
mean_reward,32.5555555555556,28.7777777777778
mean_risk,25.7777777777778,26.8888888888889
mean_shehe,30.2777777777778,22.6111111111111
mean_socbehav,28.5,22.8333333333333
mean_socrefs,31.3333333333333,26.6666666666667
mean_tentat,30.4444444444444,19.0555555555556
mean_they,26.5,27.6666666666667
mean_tone_neg,27.1666666666667,27.0555555555556
mean_tone_pos,23.6666666666667,24.2777777777778
mean_want,32.1111111111111,34.2777777777778
mean_we,27.3888888888889,28.7222222222222
mean_wellness,25,28.2222222222222
mean_you,20.7777777777778,27.3888888888889
