Variable,Average_ACF_positive,Average_Lag_positive,Average_ACF_negative,Average_Lag_negative
mean_Abortion_Related,0.142531253941934,5.66666666666667,,
mean_Analytic,0.117903935021304,5.875,0.31774561934318,-6
mean_Apostro,0.309214288496402,1.3448275862069,0.298958509402399,0
mean_Authentic,0.211990783546662,1,0.24509106614146,-1.2
mean_COVID_Related,0.274541995210326,1.53571428571429,0.227281211056123,0
mean_Culture,0.128673770263499,6,0.0101170386668363,-0.142857142857143
mean_Lifestyle,0.167006854593208,2.48275862068966,,
mean_Perception,0.0831886503936204,1,,
mean_Physical,0.273863350290696,2.7037037037037,0.258419440523584,0
mean_Tone,0.28650615164088,4.75,0.236848516728505,-5
mean_adj,0.149155320755043,2,,
mean_allnone,0.0665465897359113,1.11111111111111,,
mean_allure,0.272650573424006,1.96551724137931,0.234086353209557,0
mean_attention,0.0657168498440687,1,0.126801984302787,-3.77777777777778
mean_emo_pos,0.236440493325899,3,0.255995690282857,-5.6
mean_emo_sad,0.392184427841998,5.65217391304348,0.173280107788628,-0.153846153846154
mean_emotion,0.264581013631805,2,0.174653956175334,-3.33333333333333
mean_ethnicity,0.248806335621757,3.04761904761905,,
mean_family,0.286410088141218,2.20689655172414,0.187322033374519,-1
mean_fatigue,0.147994678547689,1.2,0.121126877301228,-2.18181818181818
mean_feeling,0.226086365927921,1,0.252701521160349,-0.392857142857143
mean_female,0.198932084443364,5.57894736842105,0.0392602250256502,-1.875
mean_filler,0.214956320864755,6,0.0382931564416163,0
mean_focuspast,0.150523887889139,1,0.160049983677121,-0.827586206896552
mean_food,0.232861432194036,3.33333333333333,,
mean_home,0.191519892902166,2.44827586206897,0.263236991745881,-2.11111111111111
mean_illness,0.243424419846481,1,0.124536957134778,0
mean_mental,0.170831047344981,5.41666666666667,0.125701866940733,0
mean_money,0.0655862441578257,3.86206896551724,0.272321017473375,-3
mean_number,0.166585489868833,4,0.238545994763386,-5.07142857142857
mean_relig,0.343794909570568,2.41379310344828,0.209836656947877,-0.25
mean_space,0.116054074221574,1,,
mean_substances,0.200578782475958,5.20833333333333,,
mean_they,0.122517272987545,2.6551724137931,0.162949606280416,-2
mean_time,0.244717719369392,1.82142857142857,0.169234085827275,0
mean_want,0.231747661156094,6,,
mean_work,0.0420716707852048,1,0.109207034091041,-2.80769230769231
